customerid,name,age,product,amount_usd,purchase_date,region,purchase_year,category
1000,Steve Davis,51.0,Laptop,1057.7890979381443,2024-04-20,South,2024,High
1001,Jane Miller,36.0,Tablet,1805.62,2024-12-22,South,2024,High
1002,Bob Smith,46.0,Tablet,168.44,2024-04-20,South,2024,Low
1003,Emma Brown,51.0,Smartphone,1057.7890979381443,2024-01-28,West,2024,High
1004,Sara Miller,50.0,Tablet,267.39,2024-03-15,South,2024,Low
1006,Mike Davis,18.0,Smartphone,817.48,2024-02-08,West,2024,Medium
1007,Linda Davis,25.0,Tablet,1486.85,2024-09-21,East,2024,High
1008,Alice Lee,46.0,Smartphone,1272.28,2024-09-06,East,2024,High
1009,Jane Ali,35.0,Smartphone,701.35,2024-03-20,West,2024,Medium
1010,Linda Davis,62.0,Laptop,1655.69,2024-04-11,West,2024,High
1011,Sara White,21.0,Tablet,1057.7890979381443,2024-01-22,Unknown,2024,High
1013,Steve Miller,26.0,Tablet,1166.9,2024-12-06,East,2024,High
1014,Linda Smith,29.0,Headphones,908.53,2024-01-13,East,2024,Medium
1015,John Ali,49.0,Tablet,1167.33,2024-06-04,East,2024,High
1016,Linda Davis,51.0,Headphones,1407.2,2024-05-25,North,2024,High
1017,Steve Doe,35.0,Headphones,1854.14,2024-12-22,North,2024,High
1018,Steve Davis,19.0,Laptop,1433.72,2024-06-07,North,2024,High
1019,Tom Johnson,49.0,Headphones,1057.7890979381443,2024-05-03,North,2024,High
1020,Jane Doe,59.0,Headphones,1633.06,2024-01-09,West,2024,High
1021,Steve Doe,47.0,Laptop,348.37,2024-10-12,East,2024,Low
1022,John Ali,52.0,Headphones,615.16,2024-04-24,Unknown,2024,Medium
1023,Sara Doe,54.0,Laptop,1807.85,2024-04-10,South,2024,High
1025,Sara Lee,52.0,Headphones,908.99,2024-08-22,West,2024,Medium
1026,John White,42.0,Laptop,1702.35,2024-08-18,East,2024,High
1027,Steve Smith,,Smartphone,1057.7890979381443,2024-07-06,South,2024,High
1028,Alice Doe,63.0,Headphones,814.82,2024-02-16,North,2024,Medium
1029,Tom Ali,52.0,Headphones,1322.75,2024-11-23,East,2024,High
1030,Sara Wilson,33.0,Smartphone,526.56,2024-11-22,North,2024,Medium
1031,Sara Johnson,21.0,Laptop,128.76,2024-08-27,North,2024,Low
1032,Tom Brown,62.0,Laptop,221.48,2024-08-20,South,2024,Low
1033,Sara Ali,57.0,Headphones,1781.08,2024-08-04,East,2024,High
1035,Tom Ali,25.0,Tablet,1264.97,2024-07-26,West,2024,High
1036,Jane Johnson,,Smartphone,565.91,2024-07-23,West,2024,Medium
1037,John Davis,54.0,Laptop,461.24,2024-05-08,West,2024,Low
1038,Tom Johnson,50.0,Headphones,1480.49,2024-05-19,North,2024,High
1039,Emma Miller,52.0,Headphones,392.76,2024-12-15,West,2024,Low
1041,Tom White,61.0,Smartphone,150.46,2024-05-23,South,2024,Low
1042,Tom Smith,62.0,Smartphone,1787.89,2024-01-13,Unknown,2024,High
1043,Linda Brown,64.0,Tablet,1506.73,2024-04-28,Unknown,2024,High
1045,Jane Smith,25.0,Headphones,819.65,2024-01-26,North,2024,Medium
1046,Mike Doe,42.0,Headphones,1890.47,2024-12-10,East,2024,High
1047,Emma Brown,31.0,Headphones,303.54,2024-10-11,West,2024,Low
1048,Steve Lee,32.0,Smartphone,1247.25,2024-08-17,North,2024,High
1049,Sara Miller,63.0,Headphones,1271.02,2024-04-04,Unknown,2024,High
1050,Tom Smith,35.0,Headphones,288.99,2024-02-27,East,2024,Low
1051,Linda Davis,38.0,Laptop,1067.0,2024-10-19,West,2024,High
1052,Tom Lee,27.0,Headphones,1349.63,2024-06-24,East,2024,High
1053,Emma Johnson,48.0,Headphones,1601.24,2024-06-02,North,2024,High
1054,Alice White,25.0,Headphones,1057.7890979381443,2024-11-22,East,2024,High
1055,Alice Miller,56.0,Headphones,1276.6,2024-06-17,Unknown,2024,High
1056,Jane Brown,38.0,Laptop,1147.28,2024-05-18,East,2024,High
1057,Steve Johnson,18.0,Laptop,684.11,2024-06-24,South,2024,Medium
1058,Mike Smith,18.0,Tablet,703.76,2024-02-18,Unknown,2024,Medium
1059,Alice Wilson,18.0,Tablet,1245.84,2024-07-12,North,2024,High
1060,Alice Lee,63.0,Headphones,484.47,2024-02-16,North,2024,Low
1061,John Ali,49.0,Smartphone,450.39,2024-06-17,North,2024,Low
1062,Emma Smith,27.0,Laptop,1563.46,2024-02-07,West,2024,High
1063,Tom Lee,55.0,Tablet,1967.1,2024-09-19,West,2024,High
1065,John Ali,,Headphones,831.04,2024-05-06,East,2024,Medium
1067,Linda White,19.0,Headphones,1032.27,2024-09-16,East,2024,High
1068,Steve Doe,58.0,Smartphone,1832.17,2024-11-08,East,2024,High
1071,Bob Lee,51.0,Laptop,1549.21,2024-01-03,Unknown,2024,High
1072,Steve Ali,21.0,Headphones,708.06,2024-11-07,East,2024,Medium
1074,Linda Johnson,23.0,Laptop,1950.62,2024-12-20,North,2024,High
1075,Bob Wilson,42.0,Headphones,789.23,2024-09-21,East,2024,Medium
1080,Mike Ali,53.0,Laptop,1872.37,2024-04-25,Unknown,2024,High
1081,Jane Johnson,57.0,Tablet,1055.31,2024-12-12,Unknown,2024,High
1082,Mike Smith,37.0,Laptop,1059.41,2024-06-04,East,2024,High
1083,Linda Doe,47.0,Headphones,1211.1,2024-11-13,North,2024,High
1084,Alice Johnson,22.0,Tablet,1380.28,2024-05-07,South,2024,High
1085,Alice Davis,33.0,Headphones,501.99,2024-12-25,South,2024,Medium
1086,Sara White,50.0,Tablet,416.38,2024-05-02,Unknown,2024,Low
1088,Sara White,21.0,Smartphone,1039.31,2024-03-19,East,2024,High
1089,Tom Wilson,51.0,Tablet,1489.11,2024-12-14,West,2024,High
1091,Alice Lee,60.0,Tablet,233.59,2024-11-02,West,2024,Low
1092,Steve Lee,24.0,Laptop,1700.06,2024-09-02,West,2024,High
1093,Linda Davis,58.0,Laptop,1399.2,2024-07-26,East,2024,High
1094,Alice Doe,41.0,Tablet,1940.62,2024-12-12,North,2024,High
1097,Linda Brown,33.0,Tablet,1401.53,2024-04-03,East,2024,High
1098,Tom Wilson,53.0,Laptop,1271.67,2024-04-05,Unknown,2024,High
1099,Linda White,46.0,Tablet,531.08,2024-11-21,Unknown,2024,Medium
1100,Tom Brown,32.0,Tablet,1333.57,2024-06-24,East,2024,High
1101,Jane Miller,47.0,Headphones,1152.68,2024-08-08,Unknown,2024,High
1102,Sara Davis,39.0,Laptop,681.1,2024-04-14,Unknown,2024,Medium
1103,Tom Lee,27.0,Smartphone,1611.11,2024-10-02,East,2024,High
1104,Jane White,30.0,Laptop,529.97,2024-04-08,North,2024,Medium
1105,Bob Lee,29.0,Smartphone,520.37,2024-08-14,South,2024,Medium
1106,Bob Ali,57.0,Laptop,631.81,2024-07-13,Unknown,2024,Medium
1107,Jane White,37.0,Tablet,256.99,2024-10-14,East,2024,Low
1108,Jane Johnson,60.0,Laptop,1630.89,2024-09-09,West,2024,High
1109,Linda Davis,22.0,Tablet,1280.54,2024-10-13,East,2024,High
1110,Alice Johnson,61.0,Smartphone,1896.89,2024-04-25,North,2024,High
1111,Sara Miller,27.0,Laptop,746.22,2024-02-19,East,2024,Medium
1112,Bob White,37.0,Tablet,982.49,2024-06-27,North,2024,Medium
1114,Steve Johnson,41.0,Smartphone,1837.39,2024-10-08,Unknown,2024,High
1115,Emma Wilson,39.0,Headphones,960.33,2024-06-24,West,2024,Medium
1116,Linda Brown,32.0,Smartphone,824.87,2024-03-13,East,2024,Medium
1117,Bob Ali,31.0,Smartphone,382.79,2024-09-09,East,2024,Low
1118,Jane Miller,46.0,Tablet,1141.83,2024-01-01,Unknown,2024,High
1119,Sara Smith,32.0,Tablet,1569.09,2024-12-19,West,2024,High
1120,Alice Ali,21.0,Smartphone,1057.7890979381443,2024-04-04,East,2024,High
1121,Emma Smith,65.0,Headphones,1948.75,2024-02-15,East,2024,High
1122,Jane White,51.0,Laptop,1481.95,2024-07-17,North,2024,High
1124,Sara Johnson,,Headphones,354.12,2024-08-13,South,2024,Low
1125,Steve White,31.0,Headphones,636.51,2024-10-02,North,2024,Medium
1126,Tom Doe,56.0,Smartphone,572.85,2024-05-16,East,2024,Medium
1127,Jane Johnson,54.0,Laptop,1333.32,2024-10-18,East,2024,High
1128,Tom Miller,19.0,Laptop,1171.39,2024-10-06,South,2024,High
1130,Steve Brown,58.0,Laptop,791.43,2024-10-23,East,2024,Medium
1131,Alice Lee,37.0,Laptop,1467.84,2024-06-26,East,2024,High
1132,Steve Miller,40.0,Tablet,1043.73,2024-12-15,Unknown,2024,High
1133,Tom Johnson,30.0,Smartphone,1926.35,2024-04-20,East,2024,High
1134,Bob Smith,63.0,Tablet,790.27,2024-09-16,South,2024,Medium
1136,Jane Doe,63.0,Tablet,945.42,2024-10-06,South,2024,Medium
1138,Emma Lee,39.0,Headphones,1488.4,2024-04-25,South,2024,High
1139,Mike Brown,20.0,Tablet,1129.65,2024-12-15,West,2024,High
1140,Bob White,44.0,Laptop,1328.57,2024-12-28,North,2024,High
1141,Mike Doe,47.0,Tablet,1700.23,2024-03-18,East,2024,High
1142,Sara Doe,55.0,Laptop,1595.72,2024-05-01,West,2024,High
1143,Mike Lee,63.0,Tablet,295.85,2024-03-11,South,2024,Low
1145,Linda Wilson,55.0,Laptop,973.22,2024-08-06,East,2024,Medium
1146,Emma Davis,43.0,Tablet,676.96,2024-11-24,West,2024,Medium
1147,Steve Wilson,62.0,Headphones,1057.7890979381443,2024-10-13,Unknown,2024,High
1148,Linda White,28.0,Headphones,1746.93,2024-11-06,Unknown,2024,High
1149,John Ali,37.0,Headphones,320.01,2024-04-08,West,2024,Low
1150,Alice Miller,40.0,Laptop,1151.66,2024-05-20,South,2024,High
1151,Jane White,48.0,Smartphone,1816.73,2024-01-03,East,2024,High
1152,Jane Lee,18.0,Headphones,278.14,2024-09-08,West,2024,Low
1153,John White,38.0,Tablet,477.71,2024-12-16,Unknown,2024,Low
1154,John Johnson,21.0,Headphones,1383.5,2024-04-04,Unknown,2024,High
1155,Alice Brown,42.0,Smartphone,1500.21,2024-11-19,East,2024,High
1157,Emma White,37.0,Laptop,504.26,2024-05-06,Unknown,2024,Medium
1158,Steve Smith,23.0,Headphones,1445.97,2024-10-27,Unknown,2024,High
1161,Emma Wilson,64.0,Smartphone,1320.18,2024-02-11,West,2024,High
1162,Bob Brown,51.0,Tablet,815.41,2024-03-19,South,2024,Medium
1163,Sara Brown,43.0,Smartphone,1636.16,2024-07-13,East,2024,High
1166,Jane Lee,39.0,Tablet,1558.65,2024-03-24,East,2024,High
1168,Jane Davis,60.0,Tablet,129.14,2024-08-09,West,2024,Low
1169,Mike Brown,20.0,Laptop,1057.7890979381443,2024-05-10,Unknown,2024,High
1170,John Miller,57.0,Tablet,1149.96,2024-11-19,West,2024,High
1171,Sara Brown,25.0,Smartphone,547.79,2024-04-11,West,2024,Medium
1172,Bob Davis,28.0,Smartphone,151.5,2024-11-04,Unknown,2024,Low
1173,Alice Ali,28.0,Headphones,1703.03,2024-02-12,East,2024,High
1174,Emma White,,Laptop,705.18,2024-02-05,West,2024,Medium
1175,Steve Brown,62.0,Smartphone,1057.7890979381443,2024-08-11,Unknown,2024,High
1176,Sara Johnson,58.0,Smartphone,1381.25,2024-01-06,East,2024,High
1178,Linda White,22.0,Tablet,536.97,2024-01-02,South,2024,Medium
1179,Alice Miller,52.0,Smartphone,583.88,2024-01-25,West,2024,Medium
1180,Linda Miller,50.0,Tablet,1424.37,2024-10-14,West,2024,High
1181,Sara Lee,42.0,Headphones,1804.26,2024-01-07,West,2024,High
1182,Steve Johnson,64.0,Headphones,1140.73,2024-07-10,North,2024,High
1183,Bob Johnson,21.0,Tablet,1690.29,2024-05-28,West,2024,High
1184,Mike Johnson,35.0,Headphones,507.66,2024-09-05,South,2024,Medium
1185,Alice Davis,57.0,Tablet,849.43,2024-03-07,Unknown,2024,Medium
1186,Sara Doe,25.0,Laptop,945.33,2024-01-27,East,2024,Medium
1187,Alice Lee,55.0,Tablet,1927.37,2024-02-20,North,2024,High
1188,Mike Smith,,Smartphone,519.9,2024-08-13,North,2024,Medium
1189,Bob Davis,43.0,Tablet,1758.01,2024-12-14,Unknown,2024,High
1190,Bob Johnson,25.0,Headphones,1593.04,2024-10-25,West,2024,High
1191,Bob Ali,54.0,Tablet,1457.06,2024-04-15,Unknown,2024,High
1192,Alice Ali,65.0,Headphones,523.15,2024-01-06,Unknown,2024,Medium
1193,Linda Johnson,50.0,Headphones,1486.8,2024-06-13,South,2024,High
1194,Bob Doe,28.0,Headphones,1333.47,2024-07-05,South,2024,High
1195,Alice Brown,32.0,Headphones,805.6,2024-11-16,North,2024,Medium
1196,Bob Johnson,25.0,Laptop,1318.96,2024-05-08,North,2024,High
1198,Alice Lee,64.0,Headphones,1361.0,2024-10-26,Unknown,2024,High
1199,Sara Johnson,60.0,Tablet,1587.75,2024-07-27,Unknown,2024,High
1201,Jane Doe,64.0,Tablet,1840.91,2024-01-18,West,2024,High
1203,Mike Smith,26.0,Smartphone,1007.85,2024-05-15,North,2024,High
1204,Linda Davis,65.0,Headphones,1877.43,2024-01-18,Unknown,2024,High
1205,Bob Ali,30.0,Headphones,405.42,2024-12-19,East,2024,Low
1206,John Smith,52.0,Smartphone,1485.65,2024-04-17,North,2024,High
1207,Tom Lee,61.0,Headphones,799.01,2024-07-03,East,2024,Medium
1208,Alice Lee,45.0,Headphones,1162.79,2024-07-06,Unknown,2024,High
1209,Mike White,55.0,Smartphone,897.42,2024-02-04,South,2024,Medium
1210,John Lee,59.0,Laptop,281.24,2024-02-09,East,2024,Low
1211,John White,41.0,Tablet,1863.33,2024-05-04,North,2024,High
1212,Jane Johnson,45.0,Headphones,652.81,2024-12-04,South,2024,Medium
1216,Emma Ali,60.0,Laptop,1394.5,2024-03-13,East,2024,High
1217,Tom Johnson,59.0,Tablet,1057.7890979381443,2024-10-15,East,2024,High
1219,John White,53.0,Smartphone,1412.43,2024-03-27,West,2024,High
1220,Steve Smith,43.0,Laptop,1357.9,2024-02-19,West,2024,High
1221,Bob Smith,63.0,Tablet,220.7,2024-08-26,North,2024,Low
1224,Steve Miller,42.0,Smartphone,797.03,2024-11-11,West,2024,Medium
1225,Linda Wilson,52.0,Laptop,503.01,2024-05-03,Unknown,2024,Medium
1226,Alice Doe,50.0,Smartphone,618.55,2024-06-18,East,2024,Medium
1227,Steve Brown,52.0,Smartphone,669.83,2024-02-08,East,2024,Medium
1229,Sara Doe,35.0,Headphones,300.0,2024-03-12,North,2024,Low
1231,Steve Smith,41.0,Headphones,1761.67,2024-06-03,South,2024,High
1232,Tom Wilson,51.0,Smartphone,1001.15,2024-07-14,South,2024,High
1233,Alice White,54.0,Smartphone,1102.36,2024-03-17,East,2024,High
1234,Bob Smith,60.0,Laptop,1817.25,2024-06-16,West,2024,High
1235,Emma Miller,62.0,Headphones,1275.97,2024-03-08,South,2024,High
1236,Bob Lee,41.0,Tablet,1653.24,2024-11-06,North,2024,High
1238,Alice Ali,29.0,Smartphone,1317.6,2024-06-12,North,2024,High
1239,Bob Doe,26.0,Tablet,1847.77,2024-01-28,East,2024,High
1240,Alice Doe,50.0,Headphones,1720.09,2024-04-26,East,2024,High
1241,Bob Brown,51.0,Smartphone,1317.26,2024-02-21,South,2024,High
1242,Jane Smith,36.0,Tablet,1696.02,2024-04-09,Unknown,2024,High
1243,Linda Davis,,Headphones,142.36,2024-04-08,North,2024,Low
1244,John Wilson,62.0,Smartphone,1775.79,2024-08-03,North,2024,High
1245,John Lee,42.0,Tablet,702.83,2024-08-25,North,2024,Medium
1246,Tom Johnson,47.0,Smartphone,1057.7890979381443,2024-03-16,Unknown,2024,High
1247,Emma Doe,25.0,Headphones,1391.81,2024-07-14,North,2024,High
1248,Bob Davis,50.0,Headphones,1851.98,2024-02-22,Unknown,2024,High
1250,Emma Lee,42.0,Tablet,1429.32,2024-06-09,West,2024,High
1251,Linda Smith,39.0,Headphones,793.7,2024-04-07,East,2024,Medium
1252,Steve Ali,35.0,Smartphone,675.32,2024-07-28,West,2024,Medium
1253,Linda Ali,60.0,Headphones,833.63,2024-03-17,East,2024,Medium
1254,Emma Doe,20.0,Headphones,508.87,2024-02-03,East,2024,Medium
1256,Tom Brown,23.0,Tablet,1108.72,2024-02-23,North,2024,High
1257,Bob Wilson,55.0,Laptop,739.51,2024-07-01,Unknown,2024,Medium
1258,Emma Brown,22.0,Laptop,1975.28,2024-01-13,West,2024,High
1261,Steve Davis,35.0,Tablet,411.66,2024-04-01,Unknown,2024,Low
1262,Sara Smith,46.0,Tablet,1474.56,2024-05-28,South,2024,High
1264,Mike Johnson,,Tablet,1097.28,2024-04-20,South,2024,High
1265,Linda Ali,63.0,Tablet,232.35,2024-03-08,North,2024,Low
1266,Jane Davis,31.0,Laptop,849.12,2024-02-27,South,2024,Medium
1267,Steve Wilson,65.0,Tablet,1741.31,2024-07-11,East,2024,High
1268,Emma Ali,65.0,Headphones,1509.26,2024-11-25,East,2024,High
1269,Steve Miller,37.0,Tablet,816.34,2024-04-01,East,2024,Medium
1271,Emma Davis,45.0,Smartphone,551.58,2024-12-08,South,2024,Medium
1272,Linda Wilson,52.0,Laptop,810.22,2024-02-12,South,2024,Medium
1273,Mike Smith,36.0,Headphones,1810.01,2024-03-05,North,2024,High
1274,Jane Smith,27.0,Headphones,1350.8,2024-01-08,South,2024,High
1275,Alice Johnson,43.0,Tablet,275.99,2024-06-17,Unknown,2024,Low
1276,Bob Brown,63.0,Smartphone,339.6,2024-02-28,North,2024,Low
1277,Tom Wilson,55.0,Smartphone,1517.91,2024-04-12,Unknown,2024,High
1278,Steve Johnson,20.0,Tablet,1421.6,2024-10-18,South,2024,High
1280,Emma Miller,26.0,Laptop,1474.96,2024-05-02,North,2024,High
1281,Mike Ali,28.0,Tablet,1948.38,2024-11-09,North,2024,High
1282,Tom Brown,29.0,Headphones,423.03,2024-11-03,West,2024,Low
1284,Alice White,21.0,Headphones,1170.87,2024-06-14,East,2024,High
1286,Jane Miller,23.0,Tablet,393.54,2024-09-13,North,2024,Low
1287,Alice Wilson,22.0,Smartphone,409.68,2024-09-28,Unknown,2024,Low
1288,Tom White,,Smartphone,639.06,2024-10-17,Unknown,2024,Medium
1289,Tom Miller,46.0,Headphones,419.13,2024-12-19,West,2024,Low
1290,Steve Johnson,25.0,Tablet,160.54,2024-12-12,East,2024,Low
1291,Bob Wilson,39.0,Tablet,1105.74,2024-10-28,East,2024,High
1292,Emma Lee,20.0,Tablet,1112.54,2024-08-13,West,2024,High
1293,Tom Miller,33.0,Smartphone,1890.54,2024-05-18,North,2024,High
1294,Bob Davis,36.0,Laptop,1660.03,2024-06-23,West,2024,High
1297,Bob White,53.0,Smartphone,1862.6,2024-02-19,North,2024,High
1298,Emma Davis,19.0,Tablet,1194.91,2024-01-16,North,2024,High
1299,Bob Ali,58.0,Tablet,1657.27,2024-10-01,East,2024,High
1300,Steve Johnson,51.0,Smartphone,339.19,2024-11-01,South,2024,Low
1303,Linda Wilson,47.0,Laptop,100.69,2024-06-24,Unknown,2024,Low
1304,Alice Smith,48.0,Laptop,774.19,2024-10-10,South,2024,Medium
1306,Tom Lee,57.0,Laptop,1399.26,2024-12-05,Unknown,2024,High
1307,Bob Lee,25.0,Smartphone,1443.12,2024-01-12,South,2024,High
1308,Tom Lee,50.0,Headphones,212.51,2024-01-08,South,2024,Low
1309,Mike Ali,42.0,Tablet,1203.06,2024-04-02,North,2024,High
1310,Linda Lee,50.0,Laptop,1974.03,2024-08-20,West,2024,High
1311,Bob Ali,19.0,Headphones,1423.71,2024-06-02,East,2024,High
1312,Linda White,27.0,Tablet,378.14,2024-08-10,West,2024,Low
1313,Bob Ali,54.0,Smartphone,417.79,2024-04-01,North,2024,Low
1315,Bob Lee,57.0,Smartphone,1979.56,2024-10-19,Unknown,2024,High
1316,Bob Ali,40.0,Headphones,411.14,2024-05-21,Unknown,2024,Low
1317,Emma Doe,,Smartphone,559.67,2024-01-25,South,2024,Medium
1318,Sara Smith,27.0,Laptop,542.14,2024-08-26,North,2024,Medium
1320,John Davis,22.0,Headphones,422.72,2024-09-01,East,2024,Low
1322,Alice Davis,55.0,Laptop,1156.3,2024-07-12,North,2024,High
1323,John White,56.0,Smartphone,1816.19,2024-03-26,West,2024,High
1325,Emma Wilson,32.0,Laptop,1057.7890979381443,2024-10-19,Unknown,2024,High
1326,Jane Ali,31.0,Smartphone,1132.26,2024-02-10,West,2024,High
1327,Tom Davis,59.0,Headphones,1057.7890979381443,2024-10-19,North,2024,High
1328,Alice Ali,54.0,Headphones,611.98,2024-12-23,South,2024,Medium
1329,Sara Lee,53.0,Headphones,1057.7890979381443,2024-07-13,North,2024,High
1330,Bob Miller,25.0,Smartphone,1211.72,2024-12-12,North,2024,High
1331,Steve Johnson,37.0,Smartphone,1752.34,2024-06-20,North,2024,High
1332,Sara Smith,45.0,Smartphone,1957.87,2024-12-01,South,2024,High
1333,Sara Ali,21.0,Tablet,277.3,2024-08-12,Unknown,2024,Low
1334,Steve Smith,61.0,Smartphone,234.92,2024-12-01,South,2024,Low
1335,Sara Miller,59.0,Smartphone,1173.47,2024-01-03,West,2024,High
1336,Linda White,24.0,Laptop,1171.46,2024-12-21,West,2024,High
1338,Alice Johnson,28.0,Laptop,1298.77,2024-02-02,North,2024,High
1339,Linda Doe,57.0,Smartphone,1691.35,2024-07-08,East,2024,High
1340,Emma Davis,43.0,Smartphone,277.33,2024-11-02,South,2024,Low
1341,Emma Wilson,49.0,Laptop,860.61,2024-02-27,South,2024,Medium
1342,Linda Johnson,26.0,Headphones,1035.87,2024-12-21,West,2024,High
1343,Sara Lee,40.0,Laptop,672.48,2024-06-25,East,2024,Medium
1344,Sara Wilson,49.0,Laptop,837.62,2024-05-20,East,2024,Medium
1345,Emma Ali,27.0,Laptop,1884.76,2024-02-11,North,2024,High
1346,Tom Brown,27.0,Headphones,1413.49,2024-04-13,West,2024,High
1347,Tom Brown,31.0,Laptop,1047.49,2024-03-07,West,2024,High
1350,Alice Davis,34.0,Headphones,1244.19,2024-11-08,Unknown,2024,High
1351,Bob White,25.0,Laptop,1258.02,2024-05-27,West,2024,High
1352,Bob Smith,41.0,Tablet,1816.8,2024-03-27,Unknown,2024,High
1353,John White,44.0,Tablet,761.29,2024-02-07,West,2024,Medium
1355,Mike Brown,60.0,Tablet,792.58,2024-07-08,South,2024,Medium
1356,Bob Lee,22.0,Laptop,1888.52,2024-09-27,South,2024,High
1357,Steve Smith,44.0,Laptop,1130.96,2024-10-23,East,2024,High
1358,John Johnson,29.0,Headphones,1938.76,2024-02-26,South,2024,High
1359,Tom Brown,42.0,Tablet,942.55,2024-12-23,West,2024,Medium
1360,Bob Brown,60.0,Smartphone,293.55,2024-12-08,East,2024,Low
1361,Bob Lee,29.0,Tablet,304.86,2024-03-15,Unknown,2024,Low
1362,John Smith,44.0,Smartphone,1057.7890979381443,2024-07-22,North,2024,High
1363,Alice Lee,19.0,Headphones,1120.33,2024-04-05,East,2024,High
1364,Sara Ali,53.0,Smartphone,1050.98,2024-10-03,North,2024,High
1365,Sara Miller,33.0,Headphones,1870.79,2024-03-19,South,2024,High
1366,Jane Lee,47.0,Smartphone,1926.47,2024-01-10,North,2024,High
1368,Linda Johnson,44.0,Smartphone,910.69,2024-09-17,West,2024,Medium
1369,Mike Wilson,58.0,Tablet,218.24,2024-11-09,West,2024,Low
1370,Tom Davis,30.0,Laptop,1768.64,2024-05-08,North,2024,High
1371,Emma White,50.0,Headphones,1702.65,2024-06-20,West,2024,High
1372,Emma Davis,35.0,Tablet,1397.56,2024-05-10,West,2024,High
1373,Sara Doe,26.0,Tablet,107.97,2024-02-01,South,2024,Low
1374,Steve Wilson,40.0,Tablet,240.92,2024-04-02,West,2024,Low
1375,Mike Doe,39.0,Tablet,1184.37,2024-01-19,East,2024,High
1376,John Smith,25.0,Tablet,1075.91,2024-10-11,South,2024,High
1377,Bob Lee,41.0,Laptop,301.5,2024-10-03,West,2024,Low
1379,Jane Johnson,24.0,Headphones,867.96,2024-10-26,West,2024,Medium
1380,Linda Lee,59.0,Headphones,672.55,2024-09-05,Unknown,2024,Medium
1381,Tom White,52.0,Laptop,1057.7890979381443,2024-10-05,North,2024,High
1383,Emma Johnson,21.0,Smartphone,166.74,2024-10-12,West,2024,Low
1384,Emma Johnson,51.0,Headphones,1309.33,2024-04-01,North,2024,High
1385,Alice Lee,19.0,Smartphone,1897.42,2024-06-05,North,2024,High
1386,Bob Smith,29.0,Laptop,1014.13,2024-09-27,Unknown,2024,High
1387,Steve Smith,19.0,Tablet,613.45,2024-01-23,East,2024,Medium
1388,John Miller,22.0,Headphones,1175.81,2024-02-04,North,2024,High
1389,Alice Brown,57.0,Headphones,1149.18,2024-07-17,Unknown,2024,High
1391,Alice Ali,18.0,Tablet,940.66,2024-12-18,South,2024,Medium
1392,Mike Smith,52.0,Laptop,481.52,2024-04-10,East,2024,Low
1393,Tom Brown,23.0,Headphones,1815.01,2024-07-28,East,2024,High
1394,Jane Davis,,Laptop,1339.38,2024-11-07,Unknown,2024,High
1395,Alice Doe,35.0,Laptop,1504.54,2024-02-06,South,2024,High
1396,Sara Miller,42.0,Headphones,1057.7890979381443,2024-03-09,South,2024,High
1397,John White,41.0,Headphones,959.27,2024-10-24,South,2024,Medium
1398,John Davis,62.0,Headphones,1198.81,2024-01-14,West,2024,High
1399,Jane Ali,39.0,Tablet,1851.15,2024-10-02,Unknown,2024,High
1401,Sara Davis,22.0,Smartphone,214.53,2024-05-18,East,2024,Low
1403,Alice White,36.0,Headphones,1129.05,2024-07-06,Unknown,2024,High
1404,Emma Miller,65.0,Laptop,1183.81,2024-12-25,East,2024,High
1405,Alice Ali,30.0,Laptop,1142.85,2024-02-21,North,2024,High
1406,Tom Lee,35.0,Tablet,1454.58,2024-11-05,North,2024,High
1407,Tom Doe,29.0,Smartphone,318.69,2024-07-22,North,2024,Low
1408,Tom Brown,42.0,Tablet,1057.7890979381443,2024-01-03,South,2024,High
1409,Alice Davis,44.0,Tablet,452.57,2024-07-27,East,2024,Low
1411,Bob Doe,43.0,Tablet,750.87,2024-10-25,West,2024,Medium
1412,Tom Ali,42.0,Smartphone,909.25,2024-02-28,South,2024,Medium
1413,Sara Smith,,Headphones,642.66,2024-10-26,South,2024,Medium
1414,Steve Brown,,Smartphone,1049.15,2024-02-11,North,2024,High
1416,Jane Johnson,65.0,Headphones,258.37,2024-10-14,West,2024,Low
1417,Sara Smith,,Laptop,637.37,2024-04-11,North,2024,Medium
1418,Alice Brown,60.0,Tablet,1423.64,2024-06-04,West,2024,High
1420,Sara Ali,47.0,Tablet,1501.47,2024-07-05,West,2024,High
1422,Alice Doe,20.0,Tablet,1057.7890979381443,2024-04-01,Unknown,2024,High
1423,Jane Wilson,58.0,Tablet,223.23,2024-05-09,East,2024,Low
1424,Sara Johnson,41.0,Laptop,1057.7890979381443,2024-03-11,East,2024,High
1425,Linda Miller,39.0,Headphones,774.75,2024-12-20,West,2024,Medium
1426,Bob White,24.0,Laptop,377.85,2024-11-19,South,2024,Low
1427,Mike Doe,34.0,Tablet,1848.73,2024-08-11,West,2024,High
1428,Emma Doe,63.0,Smartphone,136.51,2024-12-28,Unknown,2024,Low
1429,Alice Wilson,21.0,Laptop,621.0,2024-08-08,North,2024,Medium
1430,Bob Davis,51.0,Smartphone,381.96,2024-04-22,Unknown,2024,Low
1431,Steve Lee,,Smartphone,631.5,2024-10-01,Unknown,2024,Medium
1432,Tom Miller,33.0,Headphones,777.6,2024-04-13,South,2024,Medium
1433,John Johnson,52.0,Headphones,148.86,2024-11-25,North,2024,Low
1435,Jane Ali,,Laptop,1987.35,2024-02-09,East,2024,High
1436,Sara Smith,33.0,Laptop,300.92,2024-10-15,Unknown,2024,Low
1437,Alice Wilson,27.0,Headphones,201.02,2024-11-25,South,2024,Low
1439,John Brown,22.0,Smartphone,1057.7890979381443,2024-06-12,Unknown,2024,High
1441,John Lee,49.0,Laptop,580.61,2024-10-21,West,2024,Medium
1442,Steve Davis,48.0,Tablet,1441.93,2024-06-27,South,2024,High
1443,Steve Doe,39.0,Laptop,1108.92,2024-12-20,North,2024,High
1445,Linda Miller,52.0,Tablet,1180.3,2024-09-23,East,2024,High
1446,Emma Smith,55.0,Tablet,1551.58,2024-04-02,Unknown,2024,High
1447,John Ali,49.0,Tablet,1486.51,2024-03-06,South,2024,High
1448,Mike Brown,63.0,Headphones,1459.52,2024-03-15,North,2024,High
1449,Tom Johnson,44.0,Headphones,415.42,2024-05-05,South,2024,Low
1450,Bob Davis,54.0,Laptop,163.89,2024-06-13,South,2024,Low
1451,Tom Johnson,35.0,Headphones,1221.82,2024-04-19,East,2024,High
1453,John Ali,61.0,Laptop,129.6,2024-02-01,South,2024,Low
1454,Jane Brown,62.0,Laptop,1898.21,2024-07-16,Unknown,2024,High
1455,Linda Miller,40.0,Headphones,1954.6,2024-04-07,Unknown,2024,High
1456,Alice Miller,18.0,Headphones,506.45,2024-11-26,Unknown,2024,Medium
1457,Tom Miller,49.0,Headphones,1208.45,2024-08-06,Unknown,2024,High
1458,Steve Doe,32.0,Tablet,1690.12,2024-09-05,South,2024,High
1459,Tom Miller,20.0,Laptop,1115.98,2024-07-17,South,2024,High
1460,Emma Miller,19.0,Laptop,1086.01,2024-07-06,South,2024,High
1461,John Brown,58.0,Headphones,496.75,2024-08-27,East,2024,Low
1463,Bob Ali,46.0,Tablet,1328.9,2024-06-27,West,2024,High
1465,Sara Lee,63.0,Laptop,1698.13,2024-05-02,West,2024,High
1467,Tom Miller,41.0,Tablet,553.98,2024-09-01,East,2024,Medium
1468,Emma Doe,48.0,Headphones,768.08,2024-02-20,East,2024,Medium
1469,Sara Davis,23.0,Smartphone,1991.76,2024-07-22,North,2024,High
1470,Linda Lee,58.0,Smartphone,589.36,2024-03-11,Unknown,2024,Medium
1471,Mike Brown,41.0,Headphones,1339.38,2024-05-28,Unknown,2024,High
1472,Jane Smith,45.0,Tablet,1554.67,2024-05-25,Unknown,2024,High
1473,Mike White,59.0,Smartphone,1747.36,2024-03-25,South,2024,High
1474,Alice Ali,34.0,Laptop,187.9,2024-10-24,Unknown,2024,Low
1475,Linda Doe,57.0,Tablet,880.22,2024-03-02,West,2024,Medium
1478,Jane Brown,36.0,Tablet,701.11,2024-06-22,West,2024,Medium
1479,Steve Smith,54.0,Headphones,1440.89,2024-10-16,West,2024,High
1480,John Miller,49.0,Smartphone,1773.6,2024-02-04,North,2024,High
1481,Emma Wilson,36.0,Tablet,656.12,2024-03-21,West,2024,Medium
1482,Mike Davis,52.0,Headphones,354.61,2024-05-01,West,2024,Low
1483,John Brown,35.0,Headphones,1865.31,2024-06-09,Unknown,2024,High
1484,Bob Davis,34.0,Tablet,1155.74,2024-03-23,West,2024,High
1485,Emma Davis,19.0,Laptop,706.69,2024-11-12,Unknown,2024,Medium
1487,Alice Doe,36.0,Tablet,903.56,2024-09-11,West,2024,Medium
1488,Jane White,18.0,Laptop,178.18,2024-11-07,East,2024,Low
1489,Steve Brown,59.0,Smartphone,844.91,2024-12-19,Unknown,2024,Medium
1490,Mike Johnson,50.0,Smartphone,285.75,2024-03-17,West,2024,Low
1491,Emma Lee,40.0,Smartphone,1747.97,2024-04-02,Unknown,2024,High
1492,Sara Johnson,33.0,Tablet,966.2,2024-07-20,East,2024,Medium
1493,Emma Davis,36.0,Smartphone,317.66,2024-10-19,North,2024,Low
1495,Tom Wilson,32.0,Smartphone,1304.23,2024-07-24,South,2024,High
1496,Sara Miller,59.0,Tablet,672.67,2024-04-20,East,2024,Medium
1498,Steve Ali,,Headphones,114.32,2024-09-17,West,2024,Low
